word,size
bag,5.491886409736308
cardigan,7.834685598377282
coat,5.943204868154158
dress,11.120689655172413
foulard,5.147058823529412
jacket,11.374239350912779
jeans,12.038539553752535
jumpsuit,6.338742393509127
pant,12.129817444219068
parka,6.110547667342799
playsuit,5.385395537525355
pullover,5.081135902636917
scarf,5.476673427991886
shirt,20.0
shorts,6.22210953346856
skirt,10.385395537525355
sweater,11.156186612576064
top,11.267748478701826
trench,5.243407707910751
